{"cameraMode":{"drawMode":0,"name":"Shaded","section":"Shading Mode"},"sceneLighting":false,"audioPlay":false,"sceneViewState":{"m_AlwaysRefresh":false,"showFog":true,"showSkybox":false,"showFlares":true,"showImageEffects":true,"showParticleSystems":true,"showVisualEffectGraphs":true,"m_FxEnabled":true},"in2DMode":false,"pivot":{"x":0.46708062291145327,"y":3.3859786987304689,"z":-22.58222198486328},"rotation":{"x":0.19534079730510713,"y":-0.6608402729034424,"z":0.18418028950691224,"w":0.7008774280548096},"size":12.90528678894043,"orthographic":false}