{"cameraMode":{"drawMode":0,"name":"Shaded","section":"Shading Mode"},"sceneLighting":false,"audioPlay":false,"sceneViewState":{"m_AlwaysRefresh":false,"showFog":true,"showSkybox":false,"showFlares":true,"showImageEffects":true,"showParticleSystems":true,"showVisualEffectGraphs":true,"m_FxEnabled":true},"in2DMode":false,"pivot":{"x":-0.059953249990940097,"y":0.382304310798645,"z":-0.4402197599411011},"rotation":{"x":-0.00040071996045298874,"y":-0.9813910722732544,"z":0.19262146949768067,"w":-0.0008109426125884056},"size":0.750113308429718,"orthographic":false}