{"cameraMode":{"drawMode":0,"name":"Shaded","section":"Shading Mode"},"sceneLighting":false,"audioPlay":false,"sceneViewState":{"m_AlwaysRefresh":false,"showFog":true,"showSkybox":false,"showFlares":true,"showImageEffects":true,"showParticleSystems":true,"showVisualEffectGraphs":true,"m_FxEnabled":true},"in2DMode":false,"pivot":{"x":-0.05976569280028343,"y":0.585790753364563,"z":-0.6455796957015991},"rotation":{"x":0.19521164894104005,"y":-0.44249898195266726,"z":0.09931574761867523,"w":0.8696276545524597},"size":0.7501132488250732,"orthographic":false}