{"cameraMode":{"drawMode":0,"name":"Shaded","section":"Shading Mode"},"sceneLighting":false,"audioPlay":false,"sceneViewState":{"m_AlwaysRefresh":false,"showFog":true,"showSkybox":false,"showFlares":true,"showImageEffects":true,"showParticleSystems":true,"showVisualEffectGraphs":true,"m_FxEnabled":true},"in2DMode":false,"pivot":{"x":-0.03025684505701065,"y":0.5297913551330566,"z":-0.2975788116455078},"rotation":{"x":-0.0000017940759562407039,"y":-0.9999972581863403,"z":-0.002690049586817622,"w":0.005107080563902855},"size":0.7806968688964844,"orthographic":false}