{"cameraMode":{"drawMode":0,"name":"Shaded","section":"Shading Mode"},"sceneLighting":false,"audioPlay":false,"sceneViewState":{"m_AlwaysRefresh":false,"showFog":true,"showSkybox":false,"showFlares":true,"showImageEffects":true,"showParticleSystems":true,"showVisualEffectGraphs":true,"m_FxEnabled":true},"in2DMode":false,"pivot":{"x":-0.04952079802751541,"y":0.5365453958511353,"z":-0.05164635181427002},"rotation":{"x":0.00009687891724752262,"y":-0.9999198317527771,"z":0.007809647358953953,"w":0.011106361635029316},"size":0.7501132488250732,"orthographic":false}