{"cameraMode":{"drawMode":0,"name":"Shaded","section":"Shading Mode"},"sceneLighting":false,"audioPlay":false,"sceneViewState":{"m_AlwaysRefresh":false,"showFog":true,"showSkybox":false,"showFlares":true,"showImageEffects":true,"showParticleSystems":true,"showVisualEffectGraphs":true,"m_FxEnabled":true},"in2DMode":false,"pivot":{"x":-0.005738637875765562,"y":0.4636448323726654,"z":0.022777199745178224},"rotation":{"x":-0.00010018264583777636,"y":-0.992047131061554,"z":0.12597623467445374,"w":-0.0008874404593370855},"size":0.750113308429718,"orthographic":false}